timestamp,WL_true,WL_pred,WL_error
2023-01-01,522.0,578.9552993774414,-56.955299377441406
2023-01-02,530.0,562.197021484375,-32.197021484375
2023-01-03,527.0,517.3419408798218,9.658059120178223
2023-01-04,510.0,578.6554107666016,-68.65541076660156
2023-01-05,448.0,520.4154720306396,-72.41547203063965
2023-01-06,355.0,477.0708122253418,-122.0708122253418
2023-01-07,300.0,456.21529388427734,-156.21529388427734
2023-01-08,274.0,393.87652587890625,-119.87652587890625
2023-01-09,272.0,321.79478454589844,-49.79478454589844
2023-01-10,309.0,253.63610458374023,55.363895416259766
2023-01-11,374.0,244.19229125976562,129.80770874023438
2023-01-12,425.0,304.9752082824707,120.0247917175293
2023-01-13,461.0,389.2169647216797,71.78303527832031
2023-01-14,483.0,392.61108207702637,90.38891792297363
2023-01-15,485.0,509.89261627197266,-24.892616271972656
2023-01-16,454.0,443.99818420410156,10.001815795898438
2023-01-17,391.0,470.60186767578125,-79.60186767578125
2023-01-18,339.0,486.4347286224365,-147.43472862243652
2023-01-19,302.0,373.5781936645508,-71.57819366455078
2023-01-20,276.0,322.0808410644531,-46.080841064453125
2023-01-21,258.0,275.2825393676758,-17.28253936767578
2023-01-22,248.0,230.41091918945312,17.589080810546875
2023-01-23,241.0,235.45899200439453,5.541007995605469
2023-01-24,243.0,231.9509220123291,11.049077987670898
2023-01-25,243.0,237.45322513580322,5.546774864196777
2023-01-26,239.0,243.135488986969,-4.135488986968994
2023-01-27,273.0,240.73508739471436,32.264912605285645
2023-01-28,390.0,240.86404633522034,149.13595366477966
2023-01-29,440.0,269.03466033935547,170.96533966064453
2023-01-30,464.0,368.3597412109375,95.6402587890625
2023-01-31,463.0,475.91695404052734,-12.916954040527344
2023-02-01,429.0,484.85319900512695,-55.85319900512695
2023-02-02,362.0,444.7270317077637,-82.72703170776367
2023-02-03,303.0,422.5154838562012,-119.51548385620117
2023-02-04,272.0,355.27685546875,-83.27685546875
2023-02-05,257.0,304.0602149963379,-47.06021499633789
2023-02-06,245.0,255.04989624023438,-10.049896240234375
2023-02-07,236.0,224.4084014892578,11.591598510742188
2023-02-08,237.0,233.566255569458,3.433744430541992
2023-02-09,293.0,226.35235023498535,66.64764976501465
2023-02-10,356.0,231.19071578979492,124.80928421020508
2023-02-11,352.0,276.017635345459,75.98236465454102
2023-02-12,318.0,296.4714901447296,21.528509855270386
2023-02-13,294.0,354.64260149002075,-60.64260149002075
2023-02-14,276.0,340.7747573852539,-64.7747573852539
2023-02-15,296.0,273.2077445983887,22.792255401611328
2023-02-16,378.0,271.7561092376709,106.2438907623291
2023-02-17,427.0,337.1493721008301,89.85062789916992
2023-02-18,450.0,332.1091117858887,117.89088821411133
2023-02-19,450.0,375.75110721588135,74.24889278411865
2023-02-20,423.0,506.96253204345703,-83.96253204345703
2023-02-21,366.0,420.9510803222656,-54.951080322265625
2023-02-22,319.0,402.5802803039551,-83.58028030395508
2023-02-23,308.0,356.00794219970703,-48.00794219970703
2023-02-24,292.0,359.5080075263977,-67.5080075263977
2023-02-25,270.0,291.84980964660645,-21.849809646606445
2023-02-26,260.0,246.43401718139648,13.565982818603516
2023-02-27,264.0,233.95434951782227,30.045650482177734
2023-02-28,269.0,214.4034194946289,54.596580505371094
2023-03-01,265.0,222.54078674316406,42.45921325683594
2023-03-02,260.0,242.0542449951172,17.945755004882812
2023-03-03,249.0,252.20601081848145,-3.2060108184814453
2023-03-04,239.0,247.54329109191895,-8.543291091918945
2023-03-05,239.0,234.59542846679688,4.404571533203125
2023-03-06,224.0,233.99645709991455,-9.99645709991455
2023-03-07,213.0,248.87486934661865,-35.87486934661865
2023-03-08,209.0,230.58284091949463,-21.58284091949463
2023-03-09,215.0,169.78624725341797,45.21375274658203
2023-03-10,210.0,167.75069046020508,42.24930953979492
2023-03-11,238.0,179.31727981567383,58.68272018432617
2023-03-12,384.0,196.74463653564453,187.25536346435547
2023-03-13,456.0,217.50860500335693,238.49139499664307
2023-03-14,486.0,268.4511432647705,217.5488567352295
2023-03-15,493.0,432.1453323364258,60.85466766357422
2023-03-16,454.0,411.09999084472656,42.90000915527344
2023-03-17,377.0,454.1298580169678,-77.12985801696777
2023-03-18,330.0,463.17782402038574,-133.17782402038574
2023-03-19,310.0,381.7917785644531,-71.79177856445312
2023-03-20,299.0,345.02413749694824,-46.02413749694824
2023-03-21,328.0,266.1485061645508,61.85149383544922
2023-03-22,376.0,297.1213684082031,78.87863159179688
2023-03-23,397.0,308.2086296081543,88.7913703918457
2023-03-24,379.0,329.87872338294983,49.12127661705017
2023-03-25,338.0,349.14293670654297,-11.142936706542969
2023-03-26,305.0,375.9524116516113,-70.95241165161133
2023-03-27,281.0,324.55438232421875,-43.55438232421875
2023-03-28,266.0,267.1654510498047,-1.1654510498046875
2023-03-29,259.0,237.18122100830078,21.81877899169922
2023-03-30,257.0,248.30953216552734,8.690467834472656
2023-03-31,250.0,244.45283699035645,5.547163009643555
2023-04-01,242.0,237.15146827697754,4.848531723022461
2023-04-02,231.0,225.32582664489746,5.674173355102539
2023-04-03,223.0,217.3206558227539,5.679344177246094
2023-04-04,215.0,212.27602195739746,2.723978042602539
2023-04-05,211.0,203.59682083129883,7.403179168701172
2023-04-06,205.0,200.76958465576172,4.230415344238281
2023-04-07,200.0,201.87426853179932,-1.8742685317993164
2023-04-08,196.0,212.1498761177063,-16.1498761177063
2023-04-09,190.0,192.0936336517334,-2.0936336517333984
2023-04-10,185.0,188.77539730072021,-3.775397300720215
2023-04-11,180.0,189.52887630462646,-9.528876304626465
2023-04-12,175.0,184.58655452728271,-9.586554527282715
2023-04-13,172.0,181.55510759353638,-9.555107593536377
2023-04-14,169.0,176.46186923980713,-7.461869239807129
2023-04-15,166.0,172.73348689079285,-6.733486890792847
2023-04-16,162.0,172.47997117042542,-10.479971170425415
2023-04-17,161.0,169.05439686775208,-8.054396867752075
2023-04-18,159.0,176.44543933868408,-17.445439338684082
2023-04-19,156.0,161.94917157292366,-5.94917157292366
2023-04-20,152.0,162.6327441930771,-10.632744193077087
2023-04-21,150.0,158.80630522966385,-8.806305229663849
2023-04-22,149.0,155.6365044116974,-6.636504411697388
2023-04-23,151.0,152.24021753668785,-1.240217536687851
2023-04-24,149.0,156.37695693969727,-7.376956939697266
2023-04-25,148.0,150.68293225765228,-2.6829322576522827
2023-04-26,143.0,150.90797767043114,-7.907977670431137
2023-04-27,144.0,147.72012412548065,-3.720124125480652
2023-04-28,144.0,147.49182963371277,-3.4918296337127686
2023-04-29,142.0,148.14680528640747,-6.146805286407471
2023-04-30,141.0,144.36728808283806,-3.3672880828380585
2023-05-01,137.0,144.70453715324402,-7.7045371532440186
2023-05-02,135.0,142.6325518488884,-7.632551848888397
2023-05-03,135.0,142.36088693141937,-7.360886931419373
2023-05-04,134.0,138.69898414611816,-4.698984146118164
2023-05-05,138.0,136.8595187664032,1.1404812335968018
2023-05-06,136.0,138.24892473220825,-2.248924732208252
2023-05-07,127.0,137.56183195114136,-10.561831951141357
2023-05-08,127.0,143.86630630493164,-16.86630630493164
2023-05-09,127.0,140.26528120040894,-13.265281200408936
2023-05-10,120.0,128.4524608850479,-8.452460885047913
2023-05-11,124.0,132.99881792068481,-8.998817920684814
2023-05-12,121.0,133.3567442893982,-12.356744289398193
2023-05-13,125.0,123.3182053565979,1.6817946434020996
2023-05-14,126.0,132.8240728378296,-6.82407283782959
2023-05-15,126.0,153.73894119262695,-27.738941192626953
2023-05-16,125.0,136.24723148345947,-11.247231483459473
2023-05-17,126.0,132.3048596382141,-6.304859638214111
2023-05-18,123.0,131.875732421875,-8.875732421875
2023-05-19,122.0,130.5764284133911,-8.576428413391113
2023-05-20,123.0,132.2121171951294,-9.212117195129395
2023-05-21,117.0,127.04631662368774,-10.046316623687744
2023-05-22,122.0,126.75130224227905,-4.751302242279053
2023-05-23,122.0,128.2737798690796,-6.27377986907959
2023-05-24,119.0,118.4833003282547,0.5166996717453003
2023-05-25,122.0,128.35664796829224,-6.356647968292236
2023-05-26,121.0,126.11863803863525,-5.118638038635254
2023-05-27,120.0,121.66886520385742,-1.6688652038574219
2023-05-28,127.0,126.69632911682129,0.30367088317871094
2023-05-29,120.0,123.91951751708984,-3.9195175170898438
2023-05-30,120.0,122.67358636856079,-2.673586368560791
2023-05-31,127.0,132.12455987930298,-5.1245598793029785
2023-06-01,126.0,120.1271823644638,5.872817635536194
2023-06-02,119.0,122.59697604179382,-3.5969760417938232
2023-06-03,116.0,131.07603549957275,-15.076035499572754
2023-06-04,117.0,127.39423894882202,-10.394238948822021
2023-06-05,116.0,117.68024253845215,-1.6802425384521484
2023-06-06,114.0,115.99183782935143,-1.9918378293514252
2023-06-07,113.0,118.46294343471527,-5.462943434715271
2023-06-08,112.0,116.32071688771248,-4.320716887712479
2023-06-09,110.0,113.75550901889801,-3.7555090188980103
2023-06-10,108.0,113.12438169121742,-5.1243816912174225
2023-06-11,108.0,111.94377827644348,-3.9437782764434814
2023-06-12,107.0,109.27997070550919,-2.279970705509186
2023-06-13,106.0,107.17256891727448,-1.172568917274475
2023-06-14,108.0,107.7993435561657,0.2006564438343048
2023-06-15,111.0,121.40739917755127,-10.40739917755127
2023-06-16,113.0,104.26583886146545,8.734161138534546
2023-06-17,116.0,148.48627471923828,-32.48627471923828
2023-06-18,118.0,123.21167182922363,-5.211671829223633
2023-06-19,123.0,148.5104866027832,-25.510486602783203
2023-06-20,122.0,107.35051250457764,14.649487495422363
2023-06-21,116.0,114.72732496261597,1.2726750373840332
2023-06-22,116.0,120.0428729057312,-4.042872905731201
2023-06-23,115.0,116.17075872421265,-1.1707587242126465
2023-06-24,118.0,108.16981363296509,9.830186367034912
2023-06-25,119.0,112.36198925971985,6.638010740280151
2023-06-26,124.0,112.04612159729004,11.953878402709961
2023-06-27,126.0,119.368168592453,6.631831407546997
2023-06-28,126.0,120.18250799179077,5.8174920082092285
2023-06-29,134.0,123.60726538300514,10.392734616994858
2023-06-30,138.0,140.56101989746094,-2.5610198974609375
2023-07-01,129.0,122.3912763595581,6.6087236404418945
2023-07-02,126.0,163.03225898742676,-37.03225898742676
2023-07-03,128.0,135.764550447464,-7.764550447463989
2023-07-04,131.0,122.3883466720581,8.611653327941895
2023-07-05,131.0,122.14059209823608,8.859407901763916
2023-07-06,133.0,127.32771021127701,5.672289788722992
2023-07-07,133.0,128.66524648666382,4.334753513336182
2023-07-08,131.0,127.82296395301819,3.1770360469818115
2023-07-09,128.0,131.23621571063995,-3.2362157106399536
2023-07-10,128.0,130.50360774993896,-2.503607749938965
2023-07-11,127.0,127.91868305206299,-0.9186830520629883
2023-07-12,123.0,125.31733894348145,-2.3173389434814453
2023-07-13,121.0,126.3744249343872,-5.374424934387207
2023-07-14,119.0,130.52823996543884,-11.528239965438843
2023-07-15,127.0,119.57928943634033,7.420710563659668
2023-07-16,127.0,119.18594765663147,7.81405234336853
2023-07-17,128.0,117.94848299026489,10.051517009735107
2023-07-18,133.0,134.3715958595276,-1.371595859527588
2023-07-19,131.0,127.57189726829529,3.428102731704712
2023-07-20,137.0,128.00952208042145,8.990477919578552
2023-07-21,132.0,138.1793088912964,-6.179308891296387
2023-07-22,140.0,139.33619594573975,0.6638040542602539
2023-07-23,139.0,159.12040519714355,-20.120405197143555
2023-07-24,142.0,141.65580940246582,0.3441905975341797
2023-07-25,137.0,154.2740068435669,-17.274006843566895
2023-07-26,139.0,136.04818606376648,2.9518139362335205
2023-07-27,138.0,142.97167336940765,-4.971673369407654
2023-07-28,140.0,140.2771394252777,-0.27713942527770996
2023-07-29,139.0,139.55656558275223,-0.5565655827522278
2023-07-30,138.0,170.34241485595703,-32.34241485595703
2023-07-31,138.0,168.00927734375,-30.00927734375
2023-08-01,143.0,173.14020538330078,-30.14020538330078
2023-08-02,138.0,140.46524834632874,-2.4652483463287354
2023-08-03,143.0,176.7717056274414,-33.771705627441406
2023-08-04,153.0,133.13908576965332,19.86091423034668
2023-08-05,171.0,125.94625473022461,45.05374526977539
2023-08-06,150.0,158.28376960754395,-8.283769607543945
2023-08-07,158.0,96.37299728393555,61.62700271606445
2023-08-08,160.0,176.362633228302,-16.362633228302002
2023-08-09,157.0,77.39202880859375,79.60797119140625
2023-08-10,151.0,86.47110748291016,64.52889251708984
2023-08-11,148.0,97.04507446289062,50.954925537109375
2023-08-12,143.0,115.53031921386719,27.469680786132812
2023-08-13,142.0,127.44001579284668,14.55998420715332
2023-08-14,142.0,137.56768417358398,4.432315826416016
2023-08-15,144.0,140.44060039520264,3.5593996047973633
2023-08-16,144.0,144.60861086845398,-0.6086108684539795
2023-08-17,141.0,157.99378108978271,-16.993781089782715
2023-08-18,140.0,152.97772598266602,-12.977725982666016
2023-08-19,138.0,159.98305797576904,-21.983057975769043
2023-08-20,135.0,142.65340518951416,-7.65340518951416
2023-08-21,133.0,142.8889982700348,-9.88899827003479
2023-08-22,129.0,139.48299622535706,-10.482996225357056
2023-08-23,129.0,135.9824439883232,-6.982443988323212
2023-08-24,129.0,136.76744937896729,-7.767449378967285
2023-08-25,135.0,129.15240442752838,5.847595572471619
2023-08-26,134.0,156.32861709594727,-22.328617095947266
2023-08-27,146.0,138.2588176727295,7.741182327270508
2023-08-28,161.0,185.3846893310547,-24.384689331054688
2023-08-29,205.0,145.25180912017822,59.74819087982178
2023-08-30,254.0,178.91213607788086,75.08786392211914
2023-08-31,319.0,134.21042442321777,184.78957557678223
2023-09-01,331.0,240.87033462524414,90.12966537475586
2023-09-02,282.0,225.7092800140381,56.290719985961914
2023-09-03,228.0,245.7970428466797,-17.797042846679688
2023-09-04,198.0,266.5604476928711,-68.5604476928711
2023-09-05,180.0,191.19770050048828,-11.197700500488281
2023-09-06,168.0,152.96385955810547,15.036140441894531
2023-09-07,157.0,138.8872947692871,18.11270523071289
2023-09-08,150.0,143.9425811767578,6.0574188232421875
2023-09-09,145.0,143.81644248962402,1.1835575103759766
2023-09-10,142.0,138.37851524353027,3.6214847564697266
2023-09-11,139.0,137.41071796417236,1.5892820358276367
2023-09-12,143.0,136.653657913208,6.346342086791992
2023-09-13,138.0,161.35279655456543,-23.35279655456543
2023-09-14,132.0,132.68720245361328,-0.6872024536132812
2023-09-15,129.0,138.7396159172058,-9.73961591720581
2023-09-16,130.0,130.15003299713135,-0.15003299713134766
2023-09-17,131.0,124.67936038970947,6.320639610290527
2023-09-18,122.0,124.98378610610962,-2.983786106109619
2023-09-19,120.0,145.86914253234863,-25.869142532348633
2023-09-20,123.0,126.47958517074585,-3.4795851707458496
2023-09-21,126.0,112.75380897521973,13.246191024780273
2023-09-22,127.0,118.3094493150711,8.690550684928894
2023-09-23,124.0,149.3481101989746,-25.34811019897461
2023-09-24,126.0,116.50168514251709,9.49831485748291
2023-09-25,126.0,116.81651210784912,9.183487892150879
2023-09-26,124.0,114.3729019165039,9.627098083496094
2023-09-27,128.0,122.59087634086609,5.409123659133911
2023-09-28,132.0,122.72569274902344,9.274307250976562
2023-09-29,135.0,121.08344268798828,13.916557312011719
2023-09-30,135.0,156.14606285095215,-21.14606285095215
2023-10-01,151.0,123.26748466491699,27.732515335083008
2023-10-02,160.0,133.23712801933289,26.762871980667114
2023-10-03,185.0,140.64593315124512,44.35406684875488
2023-10-04,268.0,167.9915885925293,100.0084114074707
2023-10-05,325.0,223.81209182739258,101.18790817260742
2023-10-06,331.0,201.0503387451172,129.9496612548828
2023-10-07,307.0,256.8341636657715,50.165836334228516
2023-10-08,272.0,296.39145851135254,-24.39145851135254
2023-10-09,254.0,266.1992416381836,-12.199241638183594
2023-10-10,270.0,246.8715934753418,23.128406524658203
2023-10-11,274.0,229.43586349487305,44.56413650512695
2023-10-12,294.0,193.91009902954102,100.08990097045898
2023-10-13,342.0,255.48020553588867,86.51979446411133
2023-10-14,366.0,260.5000991821289,105.4999008178711
2023-10-15,350.0,285.34012603759766,64.65987396240234
2023-10-16,315.0,310.22521018981934,4.774789810180664
2023-10-17,289.0,342.6909408569336,-53.690940856933594
2023-10-18,265.0,318.22285652160645,-53.222856521606445
2023-10-19,274.0,219.2621612548828,54.73783874511719
2023-10-20,305.0,219.76754760742188,85.23245239257812
2023-10-21,309.0,301.2724151611328,7.7275848388671875
2023-10-22,289.0,221.79149627685547,67.20850372314453
2023-10-23,274.0,299.7941884994507,-25.794188499450684
2023-10-24,273.0,281.34432792663574,-8.344327926635742
2023-10-25,275.0,258.11465644836426,16.885343551635742
2023-10-26,264.0,219.66559600830078,44.33440399169922
2023-10-27,248.0,220.73415756225586,27.26584243774414
2023-10-28,261.0,232.1943817138672,28.805618286132812
2023-10-29,305.0,245.4574794769287,59.54252052307129
2023-10-30,345.0,277.0776138305664,67.9223861694336
2023-10-31,349.0,270.3510637283325,78.64893627166748
2023-11-01,333.0,318.86653327941895,14.133466720581055
2023-11-02,380.0,334.7906656265259,45.20933437347412
2023-11-03,411.0,377.27138900756836,33.72861099243164
2023-11-04,421.0,372.01547622680664,48.98452377319336
2023-11-05,464.0,345.43346786499023,118.56653213500977
2023-11-06,529.0,448.1518440246582,80.8481559753418
2023-11-07,587.0,463.02503204345703,123.97496795654297
2023-11-08,609.0,559.6585006713867,49.34149932861328
2023-11-09,594.0,480.45183181762695,113.54816818237305
2023-11-10,562.0,493.44459533691406,68.55540466308594
2023-11-11,516.0,519.1212387084961,-3.1212387084960938
2023-11-12,449.0,496.4898147583008,-47.48981475830078
2023-11-13,375.0,493.92491912841797,-118.92491912841797
2023-11-14,323.0,350.2697448730469,-27.269744873046875
2023-11-15,293.0,312.9651641845703,-19.965164184570312
2023-11-16,272.0,257.61544036865234,14.384559631347656
2023-11-17,255.0,216.7948226928711,38.205177307128906
2023-11-18,241.0,205.22850799560547,35.77149200439453
2023-11-19,230.0,208.19003677368164,21.80996322631836
2023-11-20,250.0,205.40662384033203,44.59337615966797
2023-11-21,393.0,201.80176162719727,191.19823837280273
2023-11-22,466.0,213.5885829925537,252.4114170074463
2023-11-23,496.0,395.3821258544922,100.61787414550781
2023-11-24,504.0,465.40311431884766,38.596885681152344
2023-11-25,464.0,425.4586067199707,38.5413932800293
2023-11-26,358.0,460.24082946777344,-102.24082946777344
2023-11-27,301.0,455.74711990356445,-154.74711990356445
2023-11-28,275.0,473.5796146392822,-198.57961463928223
2023-11-29,258.0,279.1847610473633,-21.18476104736328
2023-11-30,246.0,239.7700958251953,6.2299041748046875
2023-12-01,239.0,237.7619285583496,1.2380714416503906
2023-12-02,233.0,185.2900848388672,47.70991516113281
2023-12-03,225.0,209.7216796875,15.2783203125
2023-12-04,216.0,250.56041145324707,-34.56041145324707
2023-12-05,213.0,174.0748748779297,38.92512512207031
2023-12-06,211.0,176.3266372680664,34.673362731933594
2023-12-07,207.0,181.50452423095703,25.49547576904297
2023-12-08,207.0,186.13519096374512,20.864809036254883
2023-12-09,206.0,189.9067211151123,16.093278884887695
2023-12-10,205.0,193.34018802642822,11.659811973571777
2023-12-11,204.0,212.31887865066528,-8.318878650665283
2023-12-12,203.0,195.4913454055786,7.508654594421387
2023-12-13,205.0,198.48526573181152,6.514734268188477
2023-12-14,299.0,199.94411277770996,99.05588722229004
2023-12-15,423.0,225.65014839172363,197.34985160827637
2023-12-16,472.0,224.0315990447998,247.9684009552002
2023-12-17,510.0,386.1626968383789,123.8373031616211
2023-12-18,537.0,552.7820281982422,-15.782028198242188
2023-12-19,557.0,555.4460296630859,1.5539703369140625
2023-12-20,576.0,597.5718154907227,-21.571815490722656
2023-12-21,590.0,602.8590469360352,-12.859046936035156
2023-12-22,588.0,590.3517303466797,-2.3517303466796875
2023-12-23,576.0,519.6386604309082,56.3613395690918
2023-12-24,574.0,526.1962928771973,47.803707122802734
2023-12-25,581.0,562.4673175811768,18.532682418823242
2023-12-26,572.0,529.0150260925293,42.9849739074707
2023-12-27,550.0,483.27867126464844,66.72132873535156
2023-12-28,539.0,524.9304084777832,14.069591522216797
2023-12-29,547.0,576.3843021392822,-29.384302139282227
2023-12-30,545.0,516.9726676940918,28.027332305908203
2023-12-31,524.0,464.36468505859375,59.63531494140625
2024-01-01,461.0,498.6957015991211,-37.695701599121094
2024-01-02,363.0,498.04261779785156,-135.04261779785156
2024-01-03,314.0,468.90880584716797,-154.90880584716797
2024-01-04,305.0,428.67094802856445,-123.67094802856445
2024-01-05,303.0,317.2693099975586,-14.269309997558594
2024-01-06,297.0,256.72595977783203,40.27404022216797
2024-01-07,284.0,284.51526832580566,-0.5152683258056641
2024-01-08,277.0,292.7379970550537,-15.737997055053711
2024-01-09,264.0,294.582106590271,-30.582106590270996
2024-01-10,250.0,276.825891494751,-26.825891494750977
2024-01-11,241.0,272.1454248428345,-31.145424842834473
2024-01-12,235.0,275.70766258239746,-40.70766258239746
2024-01-13,229.0,262.61352825164795,-33.61352825164795
2024-01-14,242.0,259.85229110717773,-17.852291107177734
2024-01-15,265.0,290.66662979125977,-25.666629791259766
2024-01-16,262.0,227.6935577392578,34.30644226074219
2024-01-17,261.0,212.08992958068848,48.91007041931152
2024-01-18,252.0,256.3832721710205,-4.383272171020508
2024-01-19,242.0,269.89724254608154,-27.897242546081543
2024-01-20,241.0,253.74422359466553,-12.744223594665527
2024-01-21,365.0,212.77806091308594,152.22193908691406
2024-01-22,491.0,262.9512767791748,228.0487232208252
2024-01-23,542.0,216.3945484161377,325.6054515838623
2024-01-24,574.0,602.4657135009766,-28.465713500976562
2024-01-25,558.0,547.4537773132324,10.546222686767578
2024-01-26,512.0,513.6047420501709,-1.6047420501708984
2024-01-27,446.0,558.9557752609253,-112.9557752609253
2024-01-28,393.0,500.55871963500977,-107.55871963500977
2024-01-29,383.0,435.7814407348633,-52.78144073486328
2024-01-30,407.0,385.8962707519531,21.103729248046875
2024-01-31,427.0,362.06134605407715,64.93865394592285
2024-02-01,456.0,378.85229873657227,77.14770126342773
2024-02-02,471.0,449.0017433166504,21.99825668334961
2024-02-03,475.0,423.51196122169495,51.488038778305054
2024-02-04,476.0,483.7807903289795,-7.780790328979492
2024-02-05,459.0,458.5145664215088,0.48543357849121094
2024-02-06,411.0,487.2482719421387,-76.24827194213867
2024-02-07,352.0,442.3934555053711,-90.3934555053711
2024-02-08,332.0,459.14712315797806,-127.14712315797806
2024-02-09,345.0,343.0067443847656,1.993255615234375
2024-02-10,402.0,351.8815553188324,50.1184446811676
2024-02-11,433.0,279.77967071533203,153.22032928466797
2024-02-12,451.0,341.7470898628235,109.25291013717651
2024-02-13,450.0,409.69762659072876,40.30237340927124
2024-02-14,438.0,434.81701254844666,3.1829874515533447
2024-02-15,436.0,468.0852756500244,-32.085275650024414
2024-02-16,437.0,447.8056802749634,-10.805680274963379
2024-02-17,412.0,451.90620708465576,-39.90620708465576
2024-02-18,366.0,399.78540802001953,-33.78540802001953
2024-02-19,354.0,425.2965621948242,-71.29656219482422
2024-02-20,366.0,360.5307807922363,5.469219207763672
2024-02-21,374.0,376.67551040649414,-2.6755104064941406
2024-02-22,387.0,321.27536392211914,65.72463607788086
2024-02-23,394.0,385.4594612121582,8.540538787841797
2024-02-24,376.0,394.811674118042,-18.811674118041992
2024-02-25,352.0,357.685209274292,-5.685209274291992
2024-02-26,332.0,366.57396697998047,-34.57396697998047
2024-02-27,317.0,340.0125160217285,-23.012516021728516
2024-02-28,301.0,313.3822364807129,-12.38223648071289
2024-02-29,286.0,285.5149383544922,0.4850616455078125
2024-03-01,271.0,288.4004211425781,-17.400421142578125
2024-03-02,257.0,273.2068386077881,-16.206838607788086
2024-03-03,246.0,260.7924518585205,-14.792451858520508
2024-03-04,237.0,243.41884231567383,-6.418842315673828
2024-03-05,230.0,233.08641052246094,-3.0864105224609375
2024-03-06,224.0,222.64320182800293,1.3567981719970703
2024-03-07,218.0,214.56383895874023,3.4361610412597656
2024-03-08,211.0,209.3336238861084,1.6663761138916016
2024-03-09,208.0,204.67380142211914,3.3261985778808594
2024-03-10,205.0,200.76843452453613,4.231565475463867
2024-03-11,201.0,196.2422924041748,4.757707595825195
2024-03-12,203.0,209.58350038528442,-6.583500385284424
2024-03-13,197.0,191.26263332366943,5.737366676330566
2024-03-14,200.0,187.84690189361572,12.153098106384277
2024-03-15,200.0,196.5760555267334,3.4239444732666016
2024-03-16,203.0,204.7004270553589,-1.7004270553588867
2024-03-17,202.0,181.90723419189453,20.09276580810547
2024-03-18,196.0,179.83252716064453,16.16747283935547
2024-03-19,196.0,184.56964874267578,11.430351257324219
2024-03-20,220.0,184.26818466186523,35.731815338134766
2024-03-21,260.0,204.98281574249268,55.017184257507324
2024-03-22,260.0,213.60692024230957,46.39307975769043
2024-03-23,245.0,199.39843940734863,45.60156059265137
2024-03-24,234.0,241.5153636932373,-7.515363693237305
2024-03-25,222.0,233.9659023284912,-11.965902328491211
2024-03-26,217.0,213.22352981567383,3.776470184326172
2024-03-27,211.0,212.79560661315918,-1.7956066131591797
2024-03-28,207.0,233.4076223373413,-26.40762233734131
2024-03-29,202.0,198.48630142211914,3.5136985778808594
2024-03-30,201.0,191.30427360534668,9.69572639465332
2024-03-31,200.0,195.13369178771973,4.866308212280273
2024-04-01,197.0,190.0048122406006,6.995187759399414
2024-04-02,195.0,199.05388391017914,-4.053883910179138
2024-04-03,196.0,185.5522871017456,10.447712898254395
2024-04-04,209.0,178.53269577026367,30.467304229736328
2024-04-05,218.0,192.59420537948608,25.405794620513916
2024-04-06,215.0,212.22121047973633,2.778789520263672
2024-04-07,208.0,197.5112705230713,10.488729476928711
2024-04-08,201.0,209.24275875091553,-8.242758750915527
2024-04-09,194.0,206.73875045776367,-12.738750457763672
2024-04-10,194.0,193.85544776916504,0.14455223083496094
2024-04-11,217.0,189.03181076049805,27.968189239501953
2024-04-12,240.0,208.64044761657715,31.35955238342285
2024-04-13,237.0,189.35014629364014,47.64985370635986
2024-04-14,225.0,226.16455459594727,-1.1645545959472656
2024-04-15,212.0,235.57863330841064,-23.578633308410645
2024-04-16,207.0,227.57347774505615,-20.573477745056152
2024-04-17,203.0,214.7946662902832,-11.794666290283203
2024-04-18,201.0,208.25669980049133,-7.256699800491333
2024-04-19,198.0,201.12065076828003,-3.1206507682800293
2024-04-20,209.0,193.99317932128906,15.006820678710938
2024-04-21,226.0,194.0920033454895,31.907996654510498
2024-04-22,259.0,213.37881660461426,45.62118339538574
2024-04-23,276.0,207.011345744133,68.988654255867
2024-04-24,271.0,229.1763472557068,41.82365274429321
2024-04-25,249.0,255.33052563667297,-6.330525636672974
2024-04-26,227.0,275.94403433799744,-48.94403433799744
2024-04-27,212.0,265.63022899627686,-53.630228996276855
2024-04-28,202.0,234.09260845184326,-32.09260845184326
2024-04-29,191.0,213.12930583953857,-22.129305839538574
2024-04-30,183.0,204.1781039237976,-21.178103923797607
2024-05-01,176.0,197.8886752128601,-21.888675212860107
2024-05-02,171.0,186.87996912002563,-15.879969120025635
2024-05-03,167.0,181.30860114097595,-14.308601140975952
2024-05-04,165.0,175.50394454598427,-10.503944545984268
2024-05-05,169.0,182.33029174804688,-13.330291748046875
2024-05-06,170.0,210.4882469177246,-40.48824691772461
2024-05-07,166.0,159.4275245666504,6.572475433349609
2024-05-08,161.0,168.57101666927338,-7.5710166692733765
2024-05-09,161.0,175.06707382202148,-14.067073822021484
2024-05-10,158.0,176.05667304992676,-18.056673049926758
2024-05-11,154.0,159.58562779426575,-5.585627794265747
2024-05-12,150.0,163.787517786026,-13.787517786026001
2024-05-13,146.0,161.38991856575012,-15.389918565750122
2024-05-14,142.0,158.3350739479065,-16.335073947906494
2024-05-15,136.0,155.14686918258667,-19.14686918258667
2024-05-16,139.0,150.9243359565735,-11.924335956573486
2024-05-17,133.0,146.6024341583252,-13.602434158325195
2024-05-18,136.0,150.54234409332275,-14.542344093322754
2024-05-19,135.0,145.9753246307373,-10.975324630737305
2024-05-20,130.0,156.62526321411133,-26.625263214111328
2024-05-21,134.0,144.9105577468872,-10.910557746887207
2024-05-22,126.0,138.41832542419434,-12.418325424194336
2024-05-23,128.0,132.03583312034607,-4.035833120346069
2024-05-24,125.0,148.8848419189453,-23.884841918945312
2024-05-25,125.0,125.87358540296555,-0.8735854029655457
2024-05-26,123.0,132.56370496749878,-9.56370496749878
2024-05-27,119.0,126.0352087020874,-7.035208702087402
2024-05-28,129.0,127.44871640205383,1.551283597946167
2024-05-29,131.0,126.06180787086487,4.938192129135132
2024-05-30,130.0,155.3399200439453,-25.339920043945312
2024-05-31,135.0,138.3962745666504,-3.3962745666503906
2024-06-01,139.0,141.408597946167,-2.408597946166992
2024-06-02,141.0,135.08931922912598,5.910680770874023
2024-06-03,137.0,136.50802624225616,0.49197375774383545
2024-06-04,136.0,139.84573912620544,-3.8457391262054443
2024-06-05,133.0,143.01041913032532,-10.010419130325317
2024-06-06,132.0,146.505708694458,-14.505708694458008
2024-06-07,133.0,134.66827166080475,-1.6682716608047485
2024-06-08,133.0,134.12844705581665,-1.1284470558166504
2024-06-09,139.0,155.293119430542,-16.293119430541992
2024-06-10,138.0,129.59618949890137,8.403810501098633
2024-06-11,139.0,139.79592180252075,-0.795921802520752
2024-06-12,135.0,139.14803537726402,-4.148035377264023
2024-06-13,134.0,140.07649898529053,-6.076498985290527
2024-06-14,135.0,135.40001440048218,-0.40001440048217773
2024-06-15,133.0,130.39388465881348,2.6061153411865234
2024-06-16,133.0,131.31052112579346,1.689478874206543
2024-06-17,136.0,133.31044161319733,2.6895583868026733
2024-06-18,134.0,130.02781319618225,3.972186803817749
2024-06-19,132.0,138.94677352905273,-6.946773529052734
2024-06-20,146.0,134.62448513507843,11.37551486492157
2024-06-21,139.0,130.69654965400696,8.303450345993042
2024-06-22,139.0,136.3053708076477,2.694629192352295
2024-06-23,137.0,170.55182266235352,-33.551822662353516
2024-06-24,135.0,132.5132884979248,2.4867115020751953
2024-06-25,134.0,135.75569987297058,-1.755699872970581
2024-06-26,135.0,133.29410099983215,1.7058990001678467
2024-06-27,130.0,131.61859488487244,-1.6185948848724365
2024-06-28,134.0,155.553804397583,-21.553804397583008
2024-06-29,136.0,131.65029859542847,4.349701404571533
2024-06-30,143.0,171.06116485595703,-28.06116485595703
2024-07-01,145.0,147.7003812789917,-2.700381278991699
2024-07-02,151.0,170.11823272705078,-19.11823272705078
2024-07-03,148.0,134.26137161254883,13.738628387451172
2024-07-04,143.0,135.35913848876953,7.640861511230469
2024-07-05,139.0,164.57678413391113,-25.576784133911133
2024-07-06,139.0,137.77072525024414,1.2292747497558594
2024-07-07,139.0,139.8011348247528,-0.8011348247528076
2024-07-08,141.0,129.43230819702148,11.567691802978516
2024-07-09,137.0,134.47305583953857,2.526944160461426
2024-07-10,139.0,138.33713644742966,0.662863552570343
2024-07-11,143.0,161.9645118713379,-18.96451187133789
2024-07-12,138.0,129.87150239944458,8.12849760055542
2024-07-13,137.0,188.4805030822754,-51.48050308227539
2024-07-14,140.0,136.17727184295654,3.822728157043457
2024-07-15,138.0,144.15533542633057,-6.155335426330566
2024-07-16,137.0,168.57749557495117,-31.577495574951172
2024-07-17,135.0,133.08953857421875,1.91046142578125
2024-07-18,134.0,139.1959832906723,-5.195983290672302
2024-07-19,133.0,129.18711376190186,3.8128862380981445
2024-07-20,136.0,128.91615343093872,7.083846569061279
2024-07-21,133.0,130.05039429664612,2.949605703353882
2024-07-22,134.0,130.72724533081055,3.272754669189453
2024-07-23,135.0,165.3171272277832,-30.317127227783203
2024-07-24,132.0,127.67225551605225,4.327744483947754
2024-07-25,132.0,132.37751376628876,-0.3775137662887573
2024-07-26,167.0,134.2243093252182,32.7756906747818
2024-07-27,212.0,129.95248365402222,82.04751634597778
2024-07-28,255.0,126.81166458129883,128.18833541870117
2024-07-29,247.0,107.91577911376953,139.08422088623047
2024-07-30,210.0,180.826265335083,29.173734664916992
2024-07-31,186.0,247.98780250549316,-61.987802505493164
2024-08-01,171.0,219.49637985229492,-48.49637985229492
2024-08-02,163.0,150.53496932983398,12.465030670166016
2024-08-03,160.0,157.3825283050537,2.617471694946289
2024-08-04,156.0,151.36207962036133,4.637920379638672
2024-08-05,152.0,189.9420928955078,-37.94209289550781
2024-08-06,149.0,155.08166551589966,-6.081665515899658
2024-08-07,153.0,152.70799231529236,0.2920076847076416
2024-08-08,152.0,151.04759484529495,0.9524051547050476
2024-08-09,152.0,166.68077850341797,-14.680778503417969
2024-08-10,151.0,185.84170150756836,-34.84170150756836
2024-08-11,148.0,152.9363688826561,-4.936368882656097
2024-08-12,143.0,154.03578519821167,-11.03578519821167
2024-08-13,139.0,154.12235021591187,-15.122350215911865
2024-08-14,137.0,151.28885436058044,-14.288854360580444
2024-08-15,136.0,146.27225828170776,-10.272258281707764
2024-08-16,139.0,143.74845361709595,-4.748453617095947
2024-08-17,140.0,153.05805206298828,-13.058052062988281
2024-08-18,141.0,142.07670879364014,-1.0767087936401367
2024-08-19,145.0,149.60154056549072,-4.601540565490723
2024-08-20,143.0,145.20120239257812,-2.201202392578125
2024-08-21,137.0,152.53661346435547,-15.536613464355469
2024-08-22,136.0,190.78025436401367,-54.78025436401367
2024-08-23,136.0,145.75810265541077,-9.758102655410767
2024-08-24,134.0,133.3291974067688,0.6708025932312012
2024-08-25,132.0,136.38897329568863,-4.388973295688629
2024-08-26,131.0,135.95333257317543,-4.95333257317543
2024-08-27,131.0,132.95546066761017,-1.9554606676101685
2024-08-28,133.0,131.4414975643158,1.558502435684204
2024-08-29,135.0,131.27670630812645,3.7232936918735504
2024-08-30,134.0,150.83915328979492,-16.839153289794922
2024-08-31,131.0,159.75252723693848,-28.752527236938477
2024-09-01,128.0,130.67440032958984,-2.6744003295898438
2024-09-02,125.0,129.43150997161865,-4.431509971618652
2024-09-03,123.0,127.26643013954163,-4.266430139541626
2024-09-04,120.0,125.46074938774109,-5.460749387741089
2024-09-05,117.0,123.0541399717331,-6.054139971733093
2024-09-06,113.0,122.10754525661469,-9.107545256614685
2024-09-07,111.0,119.38228332996368,-8.382283329963684
2024-09-08,116.0,116.96523943543434,-0.9652394354343414
2024-09-09,112.0,113.22035676240921,-1.2203567624092102
2024-09-10,116.0,160.6269073486328,-44.62690734863281
2024-09-11,122.0,113.51796317100525,8.482036828994751
2024-09-12,131.0,107.80636787414551,23.193632125854492
2024-09-13,134.0,118.66540837287903,15.334591627120972
2024-09-14,130.0,157.2612762451172,-27.261276245117188
2024-09-15,128.0,130.77714622020721,-2.7771462202072144
2024-09-16,125.0,128.77360773086548,-3.7736077308654785
2024-09-17,122.0,120.522873878479,1.477126121520996
2024-09-18,119.0,121.05530643463135,-2.0553064346313477
2024-09-19,117.0,118.4891710281372,-1.489171028137207
2024-09-20,115.0,115.89845323562622,-0.8984532356262207
2024-09-21,114.0,112.27132654190063,1.7286734580993652
2024-09-22,119.0,110.3337574005127,8.666242599487305
2024-09-23,109.0,111.02261161804199,-2.022611618041992
2024-09-24,119.0,112.10679268836975,6.893207311630249
2024-09-25,119.0,120.26451170444489,-1.2645117044448853
2024-09-26,119.0,118.94619941711426,0.05380058288574219
2024-09-27,125.0,163.79159927368164,-38.79159927368164
2024-09-28,126.0,165.5519256591797,-39.55192565917969
2024-09-29,128.0,68.56584548950195,59.43415451049805
2024-09-30,125.0,82.53696060180664,42.46303939819336
2024-10-01,127.0,103.99317359924316,23.006826400756836
2024-10-02,124.0,87.49165344238281,36.50834655761719
2024-10-03,120.0,102.78192329406738,17.218076705932617
2024-10-04,119.0,94.26396942138672,24.73603057861328
2024-10-05,116.0,91.33987808227539,24.66012191772461
2024-10-06,114.0,90.8640365600586,23.135963439941406
2024-10-07,114.0,95.27367210388184,18.726327896118164
2024-10-08,119.0,97.67146682739258,21.328533172607422
2024-10-09,120.0,120.42661666870117,-0.4266166687011719
2024-10-10,118.0,104.19679546356201,13.803204536437988
2024-10-11,120.0,111.49387550354004,8.506124496459961
2024-10-12,127.0,118.11605882644653,8.883941173553467
2024-10-13,131.0,128.74579906463623,2.2542009353637695
2024-10-14,126.0,108.06764316558838,17.93235683441162
2024-10-15,118.0,135.71899223327637,-17.718992233276367
2024-10-16,113.0,90.22515869140625,22.77484130859375
2024-10-17,112.0,89.32467269897461,22.67532730102539
2024-10-18,111.0,86.81208610534668,24.18791389465332
2024-10-19,109.0,87.99245262145996,21.00754737854004
2024-10-20,117.0,93.50771522521973,23.492284774780273
2024-10-21,123.0,103.12620306015015,19.873796939849854
2024-10-22,124.0,111.76605677604675,12.233943223953247
2024-10-23,120.0,114.61054539680481,5.38945460319519
2024-10-24,122.0,122.31113022565842,-0.31113022565841675
2024-10-25,125.0,118.16525363922119,6.834746360778809
2024-10-26,124.0,121.84199452400208,2.158005475997925
2024-10-27,130.0,124.76656889915466,5.233431100845337
2024-10-28,140.0,130.1689224243164,9.831077575683594
2024-10-29,166.0,130.2970495223999,35.7029504776001
2024-10-30,143.0,143.1036777496338,-0.10367774963378906
2024-10-31,167.0,176.1889877319336,-9.188987731933594
2024-11-01,157.0,195.88987350463867,-38.88987350463867
2024-11-02,157.0,113.60379791259766,43.396202087402344
2024-11-03,151.0,209.10602569580078,-58.10602569580078
2024-11-04,145.0,139.06143188476562,5.938568115234375
2024-11-05,140.0,157.06268686056137,-17.06268686056137
2024-11-06,135.0,150.17557764053345,-15.175577640533447
2024-11-07,132.0,149.92795276641846,-17.927952766418457
2024-11-08,130.0,141.4405059814453,-11.440505981445312
2024-11-09,127.0,135.52511805295944,-8.525118052959442
2024-11-10,126.0,128.88174605369568,-2.8817460536956787
2024-11-11,130.0,128.09775042533875,1.9022495746612549
2024-11-12,129.0,126.28872483968735,2.7112751603126526
2024-11-13,141.0,128.22154188156128,12.77845811843872
2024-11-14,145.0,179.87347793579102,-34.873477935791016
2024-11-15,183.0,134.29167222976685,48.708327770233154
2024-11-16,259.0,184.81483840942383,74.18516159057617
2024-11-17,350.0,232.86170959472656,117.13829040527344
2024-11-18,398.0,254.1830825805664,143.8169174194336
2024-11-19,422.0,322.5400581359863,99.45994186401367
2024-11-20,411.0,407.8858528137207,3.114147186279297
2024-11-21,352.0,388.3458070755005,-36.34580707550049
2024-11-22,301.0,444.7286148071289,-143.7286148071289
2024-11-23,323.0,294.5059814453125,28.4940185546875
2024-11-24,377.0,197.1019744873047,179.8980255126953
2024-11-25,410.0,169.61849975585938,240.38150024414062
2024-11-26,435.0,327.3419876098633,107.65801239013672
2024-11-27,438.0,397.69499015808105,40.305009841918945
2024-11-28,409.0,413.350741147995,-4.350741147994995
2024-11-29,345.0,385.8894920349121,-40.88949203491211
2024-11-30,295.0,385.06314849853516,-90.06314849853516
2024-12-01,269.0,328.00025177001953,-59.00025177001953
2024-12-02,254.0,276.2228088378906,-22.222808837890625
2024-12-03,248.0,251.65373992919922,-3.6537399291992188
2024-12-04,249.0,236.05707168579102,12.942928314208984
2024-12-05,243.0,232.04873847961426,10.951261520385742
2024-12-06,231.0,217.569580078125,13.430419921875
2024-12-07,219.0,229.37387466430664,-10.37387466430664
2024-12-08,210.0,227.07665252685547,-17.07665252685547
2024-12-09,202.0,214.1266632080078,-12.126663208007812
2024-12-10,197.0,204.1666898727417,-7.166689872741699
2024-12-11,194.0,204.51618576049805,-10.516185760498047
2024-12-12,191.0,199.01280164718628,-8.01280164718628
2024-12-13,219.0,196.49006921052933,22.509930789470673
2024-12-14,252.0,246.7819366455078,5.2180633544921875
2024-12-15,280.0,209.53010177612305,70.46989822387695
2024-12-16,290.0,264.7079315185547,25.292068481445312
2024-12-17,323.0,283.1584186553955,39.84158134460449
2024-12-18,370.0,341.3915252685547,28.608474731445312
2024-12-19,390.0,341.9560089111328,48.04399108886719
2024-12-20,412.0,353.7026119232178,58.29738807678223
2024-12-21,433.0,408.59625244140625,24.40374755859375
2024-12-22,430.0,461.5919494628906,-31.591949462890625
2024-12-23,387.0,426.8653335571289,-39.865333557128906
2024-12-24,338.0,417.8329620361328,-79.83296203613281
2024-12-25,317.0,406.85979652404785,-89.85979652404785
2024-12-26,303.0,350.1017074584961,-47.101707458496094
2024-12-27,294.0,299.9925117492676,-5.992511749267578
2024-12-28,349.0,295.509313583374,53.49068641662598
