timestamp,water_level_cm,precipitation_mm
2021-01-01,299,0.0
2021-01-02,269,0.0
2021-01-03,239,0.0
2021-01-04,218,0.0
2021-01-05,203,0.0
2021-01-06,195,0.0
2021-01-07,189,0.0
2021-01-08,186,0.0
2021-01-09,183,0.0
2021-01-10,179,0.0
2021-01-11,178,0.0
2021-01-12,177,0.0
2021-01-13,172,0.0
2021-01-14,170,0.0
2021-01-15,168,0.0
2021-01-16,176,0.0
2021-01-17,179,0.0
2021-01-18,177,0.0
2021-01-19,183,0.0
2021-01-20,183,0.0
2021-01-21,186,0.0
2021-01-22,193,0.0
2021-01-23,206,0.0
2021-01-24,244,0.0
2021-01-25,316,0.0
2021-01-26,358,0.0
2021-01-27,361,0.0
2021-01-28,330,0.0
2021-01-29,279,0.0
2021-01-30,253,0.0
2021-01-31,237,0.0
2021-02-01,223,0.0
2021-02-02,212,0.0
2021-02-03,210,0.0
2021-02-04,200,0.0
2021-02-05,196,0.0
2021-02-06,198,0.0
2021-02-07,193,0.0
2021-02-08,189,0.0
2021-02-09,190,0.0
2021-02-10,188,0.0
2021-02-11,184,0.0
2021-02-12,178,0.0
2021-02-13,175,0.0
2021-02-14,174,0.0
2021-02-15,173,0.0
2021-02-16,169,0.0
2021-02-17,163,0.0
2021-02-18,161,0.0
2021-02-19,155,0.0
2021-02-20,155,0.0
2021-02-21,152,0.0
2021-02-22,158,0.0
2021-02-23,157,0.0
2021-02-24,158,0.0
2021-02-25,185,0.0
2021-02-26,262,0.0
2021-02-27,342,0.0
2021-02-28,347,0.0
2021-03-01,316,0.0
2021-03-02,284,0.0
2021-03-03,263,0.0
2021-03-04,248,0.0
2021-03-05,235,0.0
2021-03-06,222,0.0
2021-03-07,213,0.0
2021-03-08,205,0.0
2021-03-09,196,0.0
2021-03-10,188,0.0
2021-03-11,185,0.0
2021-03-12,187,0.0
2021-03-13,238,0.0
2021-03-14,324,0.0
2021-03-15,385,0.0
2021-03-16,410,0.0
2021-03-17,400,0.0
2021-03-18,359,0.0
2021-03-19,312,0.0
2021-03-20,277,0.0
2021-03-21,258,0.0
2021-03-22,257,0.0
2021-03-23,261,0.0
2021-03-24,252,0.0
2021-03-25,238,0.0
2021-03-26,229,0.0
2021-03-27,220,0.0
2021-03-28,214,0.0
2021-03-29,210,0.0
2021-03-30,274,0.0
2021-03-31,317,0.0
2021-04-01,295,0.0
2021-04-02,295,0.0
2021-04-03,293,0.0
2021-04-04,273,0.0
2021-04-05,255,0.0
2021-04-06,248,0.0
2021-04-07,252,0.0
2021-04-08,250,0.0
2021-04-09,250,0.0
2021-04-10,237,0.0
2021-04-11,225,0.0
2021-04-12,214,0.0
2021-04-13,207,0.0
2021-04-14,198,0.0
2021-04-15,193,0.0
2021-04-16,192,0.0
2021-04-17,188,0.0
2021-04-18,181,0.0
2021-04-19,176,0.0
2021-04-20,171,0.0
2021-04-21,168,0.0
2021-04-22,171,0.0
2021-04-23,165,0.0
2021-04-24,166,0.0
2021-04-25,166,0.0
2021-04-26,169,0.0
2021-04-27,170,0.0
2021-04-28,165,0.0
2021-04-29,159,0.0
2021-04-30,159,0.0
2021-05-01,159,0.0
2021-05-02,158,0.0
2021-05-03,165,0.0
2021-05-04,175,0.0
2021-05-05,194,0.0
2021-05-06,203,0.0
2021-05-07,203,0.0
2021-05-08,229,0.0
2021-05-09,229,0.0
2021-05-10,211,0.0
2021-05-11,196,0.0
2021-05-12,183,0.0
2021-05-13,172,0.0
2021-05-14,166,0.0
2021-05-15,162,0.0
2021-05-16,162,0.0
2021-05-17,160,0.0
2021-05-18,157,0.0
2021-05-19,156,0.0
2021-05-20,150,0.0
2021-05-21,152,0.0
2021-05-22,151,0.0
2021-05-23,148,0.0
2021-05-24,147,0.0
2021-05-25,141,0.0
2021-05-26,147,0.0
2021-05-27,154,0.0
2021-05-28,165,0.0
2021-05-29,169,0.0
2021-05-30,166,0.0
2021-05-31,165,0.0
2021-06-01,159,0.0
2021-06-02,149,0.0
2021-06-03,144,0.0
2021-06-04,141,0.0
2021-06-05,133,0.0
2021-06-06,134,0.0
2021-06-07,131,0.0
2021-06-08,125,0.0
2021-06-09,128,0.0
2021-06-10,124,0.0
2021-06-11,120,0.0
2021-06-12,128,0.0
2021-06-13,132,0.0
2021-06-14,144,0.0
2021-06-15,138,0.0
2021-06-16,131,0.0
2021-06-17,131,0.0
2021-06-18,128,0.0
2021-06-19,123,0.0
2021-06-20,122,0.0
2021-06-21,120,0.0
2021-06-22,121,0.0
2021-06-23,126,0.0
2021-06-24,123,0.0
2021-06-25,123,0.0
2021-06-26,125,0.0
2021-06-27,124,0.0
2021-06-28,125,0.0
2021-06-29,122,0.0
2021-06-30,121,0.0
2021-07-01,124,0.0
2021-07-02,127,0.0
2021-07-03,126,0.0
2021-07-04,126,0.0
2021-07-05,126,0.0
2021-07-06,122,0.0
2021-07-07,119,0.0
2021-07-08,117,0.0
2021-07-09,119,0.0
2021-07-10,125,0.0
2021-07-11,115,0.0
2021-07-12,115,0.0
2021-07-13,117,0.0
2021-07-14,116,0.0
2021-07-15,116,0.0
2021-07-16,113,0.0
2021-07-17,116,0.0
2021-07-18,119,0.0
2021-07-19,119,0.0
2021-07-20,119,0.0
2021-07-21,118,0.0
2021-07-22,121,0.0
2021-07-23,120,0.0
2021-07-24,118,0.0
2021-07-25,118,0.0
2021-07-26,114,0.0
2021-07-27,113,0.0
2021-07-28,113,0.0
2021-07-29,112,0.0
2021-07-30,123,0.0
2021-07-31,113,0.0
2021-08-01,114,0.0
2021-08-02,118,0.0
2021-08-03,123,0.0
2021-08-04,123,0.0
2021-08-05,123,0.0
2021-08-06,117,0.0
2021-08-07,133,0.0
2021-08-08,127,0.0
2021-08-09,125,0.0
2021-08-10,123,0.0
2021-08-11,123,0.0
2021-08-12,125,0.0
2021-08-13,125,0.0
2021-08-14,124,0.0
2021-08-15,129,0.0
2021-08-16,118,0.0
2021-08-17,131,0.0
2021-08-18,154,0.0
2021-08-19,171,0.0
2021-08-20,222,0.0
2021-08-21,223,0.0
2021-08-22,201,0.0
2021-08-23,178,0.0
2021-08-24,167,0.0
2021-08-25,166,0.0
2021-08-26,160,0.0
2021-08-27,172,0.0
2021-08-28,191,0.0
2021-08-29,188,0.0
2021-08-30,177,0.0
2021-08-31,170,0.0
2021-09-01,165,0.0
2021-09-02,160,0.0
2021-09-03,157,0.0
2021-09-04,151,0.0
2021-09-05,145,0.0
2021-09-06,140,0.0
2021-09-07,132,0.0
2021-09-08,128,0.0
2021-09-09,121,0.0
2021-09-10,120,0.0
2021-09-11,118,0.0
2021-09-12,120,0.0
2021-09-13,121,0.0
2021-09-14,121,0.0
2021-09-15,118,0.0
2021-09-16,116,0.0
2021-09-17,115,0.0
2021-09-18,117,0.0
2021-09-19,118,0.0
2021-09-20,122,0.0
2021-09-21,118,0.0
2021-09-22,117,0.0
2021-09-23,124,0.0
2021-09-24,148,0.0
2021-09-25,242,0.0
2021-09-26,268,0.0
2021-09-27,246,0.0
2021-09-28,211,0.0
2021-09-29,184,0.0
2021-09-30,164,0.0
2021-10-01,154,0.0
2021-10-02,145,0.0
2021-10-03,139,0.0
2021-10-04,133,0.0
2021-10-05,127,0.0
2021-10-06,124,0.0
2021-10-07,120,0.0
2021-10-08,118,0.0
2021-10-09,118,0.0
2021-10-10,118,0.0
2021-10-11,119,0.0
2021-10-12,121,0.0
2021-10-13,127,0.0
2021-10-14,138,0.0
2021-10-15,144,0.0
2021-10-16,167,0.0
2021-10-17,211,0.0
2021-10-18,228,0.0
2021-10-19,226,0.0
2021-10-20,213,0.0
2021-10-21,232,0.0
2021-10-22,269,0.0
2021-10-23,344,0.0
2021-10-24,417,0.0
2021-10-25,439,0.0
2021-10-26,415,0.0
2021-10-27,346,0.0
2021-10-28,348,0.0
2021-10-29,374,0.0
2021-10-30,371,0.0
2021-10-31,330,0.0
2021-11-01,286,0.0
2021-11-02,255,0.0
2021-11-03,235,0.0
2021-11-04,223,0.0
2021-11-05,228,0.0
2021-11-06,260,0.0
2021-11-07,322,0.0
2021-11-08,431,0.0
2021-11-09,481,0.0
2021-11-10,513,0.0
2021-11-11,524,0.0
2021-11-12,498,0.0
2021-11-13,437,0.0
2021-11-14,371,0.0
2021-11-15,318,0.0
2021-11-16,284,0.0
2021-11-17,262,0.0
2021-11-18,253,0.0
2021-11-19,277,0.0
2021-11-20,309,0.0
2021-11-21,345,0.0
2021-11-22,404,0.0
2021-11-23,426,0.0
2021-11-24,414,0.0
2021-11-25,365,0.0
2021-11-26,357,0.0
2021-11-27,422,0.0
2021-11-28,459,0.0
2021-11-29,476,0.0
2021-11-30,470,0.0
2021-12-01,423,0.0
2021-12-02,361,0.0
2021-12-03,363,0.0
2021-12-04,380,0.0
2021-12-05,364,0.0
2021-12-06,335,0.0
2021-12-07,301,0.0
2021-12-08,290,0.0
2021-12-09,325,0.0
2021-12-10,339,0.0
2021-12-11,332,0.0
2021-12-12,295,0.0
2021-12-13,245,0.0
2021-12-14,228,0.0
2021-12-15,248,0.0
2021-12-16,351,0.0
2021-12-17,428,0.0
2021-12-18,454,0.0
2021-12-19,451,0.0
2021-12-20,401,0.0
2021-12-21,348,0.0
2021-12-22,296,0.0
2021-12-23,273,0.0
2021-12-24,267,0.0
2021-12-25,270,0.0
2021-12-26,264,0.0
2021-12-27,248,0.0
2021-12-28,236,0.0
2021-12-29,253,0.0
2021-12-30,249,0.0
2021-12-31,225,0.0
2022-01-01,252,0.0
2022-01-02,332,0.0
2022-01-03,416,0.0
2022-01-04,481,0.0
2022-01-05,514,0.0
2022-01-06,536,0.0
2022-01-07,545,0.0
2022-01-08,533,0.0
2022-01-09,491,0.0
2022-01-10,404,0.0
2022-01-11,327,0.0
2022-01-12,287,0.0
2022-01-13,276,0.0
2022-01-14,322,0.0
2022-01-15,364,0.0
2022-01-16,361,0.0
2022-01-17,339,0.0
2022-01-18,356,0.0
2022-01-19,363,0.0
2022-01-20,334,0.0
2022-01-21,324,0.0
2022-01-22,320,0.0
2022-01-23,302,0.0
2022-01-24,283,0.0
2022-01-25,287,0.0
2022-01-26,339,0.0
2022-01-27,376,0.0
2022-01-28,432,0.0
2022-01-29,482,0.0
2022-01-30,511,0.0
2022-01-31,531,0.0
2022-02-01,534,0.0
2022-02-02,521,0.0
2022-02-03,471,0.0
2022-02-04,388,0.0
2022-02-05,341,0.0
2022-02-06,399,0.0
2022-02-07,467,0.0
2022-02-08,515,0.0
2022-02-09,539,0.0
2022-02-10,547,0.0
2022-02-11,533,0.0
2022-02-12,504,0.0
2022-02-13,455,0.0
2022-02-14,390,0.0
2022-02-15,340,0.0
2022-02-16,312,0.0
2022-02-17,353,0.0
2022-02-18,459,0.0
2022-02-19,513,0.0
2022-02-20,552,0.0
2022-02-21,567,0.0
2022-02-22,575,0.0
2022-02-23,584,0.0
2022-02-24,584,0.0
2022-02-25,565,0.0
2022-02-26,533,0.0
2022-02-27,500,0.0
2022-02-28,471,0.0
2022-03-01,425,0.0
2022-03-02,374,0.0
2022-03-03,339,0.0
2022-03-04,317,0.0
2022-03-05,301,0.0
2022-03-06,286,0.0
2022-03-07,272,0.0
2022-03-08,261,0.0
2022-03-09,252,0.0
2022-03-10,244,0.0
2022-03-11,235,0.0
2022-03-12,226,0.0
2022-03-13,219,0.0
2022-03-14,215,0.0
2022-03-15,209,0.0
2022-03-16,205,0.0
2022-03-17,201,0.0
2022-03-18,197,0.0
2022-03-19,190,0.0
2022-03-20,189,0.0
2022-03-21,187,0.0
2022-03-22,184,0.0
2022-03-23,180,0.0
2022-03-24,180,0.0
2022-03-25,180,0.0
2022-03-26,177,0.0
2022-03-27,176,0.0
2022-03-28,180,0.0
2022-03-29,175,0.0
2022-03-30,173,0.0
2022-03-31,170,0.0
2022-04-01,166,0.0
2022-04-02,164,0.0
2022-04-03,166,0.0
2022-04-04,173,0.0
2022-04-05,176,0.0
2022-04-06,183,0.0
2022-04-07,209,0.0
2022-04-08,293,0.0
2022-04-09,370,0.0
2022-04-10,386,0.0
2022-04-11,352,0.0
2022-04-12,305,0.0
2022-04-13,273,0.0
2022-04-14,250,0.0
2022-04-15,236,0.0
2022-04-16,229,0.0
2022-04-17,223,0.0
2022-04-18,213,0.0
2022-04-19,205,0.0
2022-04-20,197,0.0
2022-04-21,191,0.0
2022-04-22,185,0.0
2022-04-23,179,0.0
2022-04-24,176,0.0
2022-04-25,174,0.0
2022-04-26,170,0.0
2022-04-27,166,0.0
2022-04-28,163,0.0
2022-04-29,160,0.0
2022-04-30,156,0.0
2022-05-01,155,0.0
2022-05-02,152,0.0
2022-05-03,150,0.0
2022-05-04,147,0.0
2022-05-05,146,0.0
2022-05-06,143,0.0
2022-05-07,144,0.0
2022-05-08,138,0.0
2022-05-09,136,0.0
2022-05-10,137,0.0
2022-05-11,139,0.0
2022-05-12,142,0.0
2022-05-13,143,0.0
2022-05-14,144,0.0
2022-05-15,143,0.0
2022-05-16,144,0.0
2022-05-17,142,0.0
2022-05-18,143,0.0
2022-05-19,142,0.0
2022-05-20,140,0.0
2022-05-21,143,0.0
2022-05-22,143,0.0
2022-05-23,142,0.0
2022-05-24,141,0.0
2022-05-25,142,0.0
2022-05-26,146,0.0
2022-05-27,149,0.0
2022-05-28,144,0.0
2022-05-29,140,0.0
2022-05-30,143,0.0
2022-05-31,153,0.0
2022-06-01,153,0.0
2022-06-02,162,0.0
2022-06-03,176,0.0
2022-06-04,186,0.0
2022-06-05,179,0.0
2022-06-06,168,0.0
2022-06-07,159,0.0
2022-06-08,157,0.0
2022-06-09,154,0.0
2022-06-10,151,0.0
2022-06-11,149,0.0
2022-06-12,143,0.0
2022-06-13,141,0.0
2022-06-14,146,0.0
2022-06-15,150,0.0
2022-06-16,148,0.0
2022-06-17,145,0.0
2022-06-18,147,0.0
2022-06-19,141,0.0
2022-06-20,146,0.0
2022-06-21,146,0.0
2022-06-22,155,0.0
2022-06-23,154,0.0
2022-06-24,150,0.0
2022-06-25,145,0.0
2022-06-26,144,0.0
2022-06-27,143,0.0
2022-06-28,142,0.0
2022-06-29,146,0.0
2022-06-30,145,0.0
2022-07-01,159,0.0
2022-07-02,158,0.0
2022-07-03,152,0.0
2022-07-04,148,0.0
2022-07-05,146,0.0
2022-07-06,139,0.0
2022-07-07,140,0.0
2022-07-08,138,0.0
2022-07-09,146,0.0
2022-07-10,149,0.0
2022-07-11,153,0.0
2022-07-12,154,0.0
2022-07-13,173,0.0
2022-07-14,185,0.0
2022-07-15,224,0.0
2022-07-16,218,0.0
2022-07-17,196,0.0
2022-07-18,196,0.0
2022-07-19,190,0.0
2022-07-20,180,0.0
2022-07-21,171,0.0
2022-07-22,164,0.0
2022-07-23,160,0.0
2022-07-24,158,0.0
2022-07-25,152,0.0
2022-07-26,151,0.0
2022-07-27,153,0.0
2022-07-28,156,0.0
2022-07-29,154,0.0
2022-07-30,151,0.0
2022-07-31,147,0.0
2022-08-01,149,0.0
2022-08-02,146,0.0
2022-08-03,142,0.0
2022-08-04,139,0.0
2022-08-05,136,0.0
2022-08-06,135,0.0
2022-08-07,140,0.0
2022-08-08,141,0.0
2022-08-09,136,0.0
2022-08-10,137,0.0
2022-08-11,135,0.0
2022-08-12,129,0.0
2022-08-13,128,0.0
2022-08-14,129,0.0
2022-08-15,127,0.0
2022-08-16,123,0.0
2022-08-17,122,0.0
2022-08-18,123,0.0
2022-08-19,120,0.0
2022-08-20,118,0.0
2022-08-21,118,0.0
2022-08-22,122,0.0
2022-08-23,130,0.0
2022-08-24,139,0.0
2022-08-25,136,0.0
2022-08-26,129,0.0
2022-08-27,124,0.0
2022-08-28,121,0.0
2022-08-29,128,0.0
2022-08-30,128,0.0
2022-08-31,132,0.0
2022-09-01,134,0.0
2022-09-02,129,0.0
2022-09-03,122,0.0
2022-09-04,117,0.0
2022-09-05,114,0.0
2022-09-06,111,0.0
2022-09-07,108,0.0
2022-09-08,103,0.0
2022-09-09,98,0.0
2022-09-10,96,0.0
2022-09-11,93,0.0
2022-09-12,97,0.0
2022-09-13,98,0.0
2022-09-14,103,0.0
2022-09-15,106,0.0
2022-09-16,123,0.0
2022-09-17,162,0.0
2022-09-18,196,0.0
2022-09-19,194,0.0
2022-09-20,180,0.0
2022-09-21,169,0.0
2022-09-22,160,0.0
2022-09-23,150,0.0
2022-09-24,143,0.0
2022-09-25,136,0.0
2022-09-26,130,0.0
2022-09-27,125,0.0
2022-09-28,127,0.0
2022-09-29,130,0.0
2022-09-30,128,0.0
2022-10-01,129,0.0
2022-10-02,129,0.0
2022-10-03,127,0.0
2022-10-04,144,0.0
2022-10-05,159,0.0
2022-10-06,154,0.0
2022-10-07,142,0.0
2022-10-08,136,0.0
2022-10-09,137,0.0
2022-10-10,139,0.0
2022-10-11,137,0.0
2022-10-12,138,0.0
2022-10-13,138,0.0
2022-10-14,136,0.0
2022-10-15,132,0.0
2022-10-16,135,0.0
2022-10-17,130,0.0
2022-10-18,134,0.0
2022-10-19,137,0.0
2022-10-20,143,0.0
2022-10-21,141,0.0
2022-10-22,133,0.0
2022-10-23,133,0.0
2022-10-24,131,0.0
2022-10-25,130,0.0
2022-10-26,133,0.0
2022-10-27,131,0.0
2022-10-28,132,0.0
2022-10-29,133,0.0
2022-10-30,136,0.0
2022-10-31,135,0.0
2022-11-01,134,0.0
2022-11-02,133,0.0
2022-11-03,135,0.0
2022-11-04,131,0.0
2022-11-05,131,0.0
2022-11-06,133,0.0
2022-11-07,129,0.0
2022-11-08,129,0.0
2022-11-09,134,0.0
2022-11-10,139,0.0
2022-11-11,150,0.0
2022-11-12,156,0.0
2022-11-13,160,0.0
2022-11-14,161,0.0
2022-11-15,157,0.0
2022-11-16,148,0.0
2022-11-17,149,0.0
2022-11-18,142,0.0
2022-11-19,141,0.0
2022-11-20,137,0.0
2022-11-21,133,0.0
2022-11-22,127,0.0
2022-11-23,124,0.0
2022-11-24,122,0.0
2022-11-25,121,0.0
2022-11-26,121,0.0
2022-11-27,120,0.0
2022-11-28,118,0.0
2022-11-29,117,0.0
2022-11-30,116,0.0
2022-12-01,116,0.0
2022-12-02,116,0.0
2022-12-03,115,0.0
2022-12-04,114,0.0
2022-12-05,114,0.0
2022-12-06,114,0.0
2022-12-07,118,0.0
2022-12-08,126,0.0
2022-12-09,122,0.0
2022-12-10,120,0.0
2022-12-11,120,0.0
2022-12-12,126,0.0
2022-12-13,142,0.0
2022-12-14,150,0.0
2022-12-15,140,0.0
2022-12-16,141,0.0
2022-12-17,140,0.0
2022-12-18,140,0.0
2022-12-19,140,0.0
2022-12-20,140,0.0
2022-12-21,152,0.0
2022-12-22,195,0.0
2022-12-23,272,0.0
2022-12-24,352,0.0
2022-12-25,386,0.0
2022-12-26,385,0.0
2022-12-27,341,0.0
2022-12-28,316,0.0
2022-12-29,332,0.0
2022-12-30,385,0.0
2022-12-31,427,0.0
2023-01-01,456,0.0
2023-01-02,490,0.0
2023-01-03,510,0.0
2023-01-04,522,0.0
2023-01-05,530,0.0
2023-01-06,527,0.0
2023-01-07,510,0.0
2023-01-08,448,0.0
2023-01-09,355,0.0
2023-01-10,300,0.0
2023-01-11,274,0.0
2023-01-12,272,0.0
2023-01-13,309,0.0
2023-01-14,374,0.0
2023-01-15,425,0.0
2023-01-16,461,0.0
2023-01-17,483,0.0
2023-01-18,485,0.0
2023-01-19,454,0.0
2023-01-20,391,0.0
2023-01-21,339,0.0
2023-01-22,302,0.0
2023-01-23,276,0.0
2023-01-24,258,0.0
2023-01-25,248,0.0
2023-01-26,241,0.0
2023-01-27,243,0.0
2023-01-28,243,0.0
2023-01-29,239,0.0
2023-01-30,273,0.0
2023-01-31,390,0.0
2023-02-01,440,0.0
2023-02-02,464,0.0
2023-02-03,463,0.0
2023-02-04,429,0.0
2023-02-05,362,0.0
2023-02-06,303,0.0
2023-02-07,272,0.0
2023-02-08,257,0.0
2023-02-09,245,0.0
2023-02-10,236,0.0
2023-02-11,237,0.0
2023-02-12,293,0.0
2023-02-13,356,0.0
2023-02-14,352,0.0
2023-02-15,318,0.0
2023-02-16,294,0.0
2023-02-17,276,0.0
2023-02-18,296,0.0
2023-02-19,378,0.0
2023-02-20,427,0.0
2023-02-21,450,0.0
2023-02-22,450,0.0
2023-02-23,423,0.0
2023-02-24,366,0.0
2023-02-25,319,0.0
2023-02-26,308,0.0
2023-02-27,292,0.0
2023-02-28,270,0.0
2023-03-01,260,0.0
2023-03-02,264,0.0
2023-03-03,269,0.0
2023-03-04,265,0.0
2023-03-05,260,0.0
2023-03-06,249,0.0
2023-03-07,239,0.0
2023-03-08,239,0.0
2023-03-09,224,0.0
2023-03-10,213,0.0
2023-03-11,209,0.0
2023-03-12,215,0.0
2023-03-13,210,0.0
2023-03-14,238,0.0
2023-03-15,384,0.0
2023-03-16,456,0.0
2023-03-17,486,0.0
2023-03-18,493,0.0
2023-03-19,454,0.0
2023-03-20,377,0.0
2023-03-21,330,0.0
2023-03-22,310,0.0
2023-03-23,299,0.0
2023-03-24,328,0.0
2023-03-25,376,0.0
2023-03-26,397,0.0
2023-03-27,379,0.0
2023-03-28,338,0.0
2023-03-29,305,0.0
2023-03-30,281,0.0
2023-03-31,266,0.0
2023-04-01,259,0.0
2023-04-02,257,0.0
2023-04-03,250,0.0
2023-04-04,242,0.0
2023-04-05,231,0.0
2023-04-06,223,0.0
2023-04-07,215,0.0
2023-04-08,211,0.0
2023-04-09,205,0.0
2023-04-10,200,0.0
2023-04-11,196,0.0
2023-04-12,190,0.0
2023-04-13,185,0.0
2023-04-14,180,0.0
2023-04-15,175,0.0
2023-04-16,172,0.0
2023-04-17,169,0.0
2023-04-18,166,0.0
2023-04-19,162,0.0
2023-04-20,161,0.0
2023-04-21,159,0.0
2023-04-22,156,0.0
2023-04-23,152,0.0
2023-04-24,150,0.0
2023-04-25,149,0.0
2023-04-26,151,0.0
2023-04-27,149,0.0
2023-04-28,148,0.0
2023-04-29,143,0.0
2023-04-30,144,0.0
2023-05-01,144,0.0
2023-05-02,142,0.0
2023-05-03,141,0.0
2023-05-04,137,0.0
2023-05-05,135,0.0
2023-05-06,135,0.0
2023-05-07,134,0.0
2023-05-08,138,0.0
2023-05-09,136,0.0
2023-05-10,127,0.0
2023-05-11,127,0.0
2023-05-12,127,0.0
2023-05-13,120,0.0
2023-05-14,124,0.0
2023-05-15,121,0.0
2023-05-16,125,0.0
2023-05-17,126,0.0
2023-05-18,126,0.0
2023-05-19,125,0.0
2023-05-20,126,0.0
2023-05-21,123,0.0
2023-05-22,122,0.0
2023-05-23,123,0.0
2023-05-24,117,0.0
2023-05-25,122,0.0
2023-05-26,122,0.0
2023-05-27,119,0.0
2023-05-28,122,0.0
2023-05-29,121,0.0
2023-05-30,120,0.0
2023-05-31,127,0.0
2023-06-01,120,0.0
2023-06-02,120,0.0
2023-06-03,127,0.0
2023-06-04,126,0.0
2023-06-05,119,0.0
2023-06-06,116,0.0
2023-06-07,117,0.0
2023-06-08,116,0.0
2023-06-09,114,0.0
2023-06-10,113,0.0
2023-06-11,112,0.0
2023-06-12,110,0.0
2023-06-13,108,0.0
2023-06-14,108,0.0
2023-06-15,107,0.0
2023-06-16,106,0.0
2023-06-17,108,0.0
2023-06-18,111,0.0
2023-06-19,113,0.0
2023-06-20,116,0.0
2023-06-21,118,0.0
2023-06-22,123,0.0
2023-06-23,122,0.0
2023-06-24,116,0.0
2023-06-25,116,0.0
2023-06-26,115,0.0
2023-06-27,118,0.0
2023-06-28,119,0.0
2023-06-29,124,0.0
2023-06-30,126,0.0
2023-07-01,126,0.0
2023-07-02,134,0.0
2023-07-03,138,0.0
2023-07-04,129,0.0
2023-07-05,126,0.0
2023-07-06,128,0.0
2023-07-07,131,0.0
2023-07-08,131,0.0
2023-07-09,133,0.0
2023-07-10,133,0.0
2023-07-11,131,0.0
2023-07-12,128,0.0
2023-07-13,128,0.0
2023-07-14,127,0.0
2023-07-15,123,0.0
2023-07-16,121,0.0
2023-07-17,119,0.0
2023-07-18,127,0.0
2023-07-19,127,0.0
2023-07-20,128,0.0
2023-07-21,133,0.0
2023-07-22,131,0.0
2023-07-23,137,0.0
2023-07-24,132,0.0
2023-07-25,140,0.0
2023-07-26,139,0.0
2023-07-27,142,0.0
2023-07-28,137,0.0
2023-07-29,139,0.0
2023-07-30,138,0.0
2023-07-31,140,0.0
2023-08-01,139,0.0
2023-08-02,138,0.0
2023-08-03,138,0.0
2023-08-04,143,0.0
2023-08-05,138,0.0
2023-08-06,143,0.0
2023-08-07,153,0.0
2023-08-08,171,0.0
2023-08-09,150,0.0
2023-08-10,158,0.0
2023-08-11,160,0.0
2023-08-12,157,0.0
2023-08-13,151,0.0
2023-08-14,148,0.0
2023-08-15,143,0.0
2023-08-16,142,0.0
2023-08-17,142,0.0
2023-08-18,144,0.0
2023-08-19,144,0.0
2023-08-20,141,0.0
2023-08-21,140,0.0
2023-08-22,138,0.0
2023-08-23,135,0.0
2023-08-24,133,0.0
2023-08-25,129,0.0
2023-08-26,129,0.0
2023-08-27,129,0.0
2023-08-28,135,0.0
2023-08-29,134,0.0
2023-08-30,146,0.0
2023-08-31,161,0.0
2023-09-01,205,0.0
2023-09-02,254,0.0
2023-09-03,319,0.0
2023-09-04,331,0.0
2023-09-05,282,0.0
2023-09-06,228,0.0
2023-09-07,198,0.0
2023-09-08,180,0.0
2023-09-09,168,0.0
2023-09-10,157,0.0
2023-09-11,150,0.0
2023-09-12,145,0.0
2023-09-13,142,0.0
2023-09-14,139,0.0
2023-09-15,143,0.0
2023-09-16,138,0.0
2023-09-17,132,0.0
2023-09-18,129,0.0
2023-09-19,130,0.0
2023-09-20,131,0.0
2023-09-21,122,0.0
2023-09-22,120,0.0
2023-09-23,123,0.0
2023-09-24,126,0.0
2023-09-25,127,0.0
2023-09-26,124,0.0
2023-09-27,126,0.0
2023-09-28,126,0.0
2023-09-29,124,0.0
2023-09-30,128,0.0
2023-10-01,132,0.0
2023-10-02,135,0.0
2023-10-03,135,0.0
2023-10-04,151,0.0
2023-10-05,160,0.0
2023-10-06,185,0.0
2023-10-07,268,0.0
2023-10-08,325,0.0
2023-10-09,331,0.0
2023-10-10,307,0.0
2023-10-11,272,0.0
2023-10-12,254,0.0
2023-10-13,270,0.0
2023-10-14,274,0.0
2023-10-15,294,0.0
2023-10-16,342,0.0
2023-10-17,366,0.0
2023-10-18,350,0.0
2023-10-19,315,0.0
2023-10-20,289,0.0
2023-10-21,265,0.0
2023-10-22,274,0.0
2023-10-23,305,0.0
2023-10-24,309,0.0
2023-10-25,289,0.0
2023-10-26,274,0.0
2023-10-27,273,0.0
2023-10-28,275,0.0
2023-10-29,264,0.0
2023-10-30,248,0.0
2023-10-31,261,0.0
2023-11-01,305,0.0
2023-11-02,345,0.0
2023-11-03,349,0.0
2023-11-04,333,0.0
2023-11-05,380,0.0
2023-11-06,411,0.0
2023-11-07,421,0.0
2023-11-08,464,0.0
2023-11-09,529,0.0
2023-11-10,587,0.0
2023-11-11,609,0.0
2023-11-12,594,0.0
2023-11-13,562,0.0
2023-11-14,516,0.0
2023-11-15,449,0.0
2023-11-16,375,0.0
2023-11-17,323,0.0
2023-11-18,293,0.0
2023-11-19,272,0.0
2023-11-20,255,0.0
2023-11-21,241,0.0
2023-11-22,230,0.0
2023-11-23,250,0.0
2023-11-24,393,0.0
2023-11-25,466,0.0
2023-11-26,496,0.0
2023-11-27,504,0.0
2023-11-28,464,0.0
2023-11-29,358,0.0
2023-11-30,301,0.0
2023-12-01,275,0.0
2023-12-02,258,0.0
2023-12-03,246,0.0
2023-12-04,239,0.0
2023-12-05,233,0.0
2023-12-06,225,0.0
2023-12-07,216,0.0
2023-12-08,213,0.0
2023-12-09,211,0.0
2023-12-10,207,0.0
2023-12-11,207,0.0
2023-12-12,206,0.0
2023-12-13,205,0.0
2023-12-14,204,0.0
2023-12-15,203,0.0
2023-12-16,205,0.0
2023-12-17,299,0.0
2023-12-18,423,0.0
2023-12-19,472,0.0
2023-12-20,510,0.0
2023-12-21,537,0.0
2023-12-22,557,0.0
2023-12-23,576,0.0
2023-12-24,590,0.0
2023-12-25,588,0.0
2023-12-26,576,0.0
2023-12-27,574,0.0
2023-12-28,581,0.0
2023-12-29,572,0.0
2023-12-30,550,0.0
2023-12-31,539,0.0
